[{"model": "contenttypes.contenttype", "pk": 1, "fields": {"app_label": "admin", "model": "logentry"}}, {"model": "contenttypes.contenttype", "pk": 2, "fields": {"app_label": "auth", "model": "permission"}}, {"model": "contenttypes.contenttype", "pk": 3, "fields": {"app_label": "auth", "model": "group"}}, {"model": "contenttypes.contenttype", "pk": 4, "fields": {"app_label": "auth", "model": "user"}}, {"model": "contenttypes.contenttype", "pk": 5, "fields": {"app_label": "contenttypes", "model": "contenttype"}}, {"model": "contenttypes.contenttype", "pk": 6, "fields": {"app_label": "sessions", "model": "session"}}, {"model": "contenttypes.contenttype", "pk": 7, "fields": {"app_label": "doctor_referral", "model": "doctor_referral"}}, {"model": "contenttypes.contenttype", "pk": 8, "fields": {"app_label": "patients", "model": "patient"}}, {"model": "contenttypes.contenttype", "pk": 9, "fields": {"app_label": "patients", "model": "patientvisit"}}, {"model": "contenttypes.contenttype", "pk": 10, "fields": {"app_label": "accounts", "model": "profile"}}, {"model": "contenttypes.contenttype", "pk": 11, "fields": {"app_label": "patients", "model": "doctorservices"}}, {"model": "contenttypes.contenttype", "pk": 12, "fields": {"app_label": "accounts", "model": "doctorprofile"}}, {"model": "contenttypes.contenttype", "pk": 13, "fields": {"app_label": "doctor_referral", "model": "clinic_referraldate"}}, {"model": "contenttypes.contenttype", "pk": 14, "fields": {"app_label": "clinic", "model": "clinic_date"}}, {"model": "contenttypes.contenttype", "pk": 15, "fields": {"app_label": "clinic", "model": "clinic_date_patients"}}, {"model": "sessions.session", "pk": "0yrn3vjl53847t64uslsjd87v6vqlbqm", "fields": {"session_data": "ZDU4NzIzMGUzNWQzNWQxZjU3MzAzODdlMDBlZTE2ZTAyYjY3MWIwMTp7Il9hdXRoX3VzZXJfaWQiOiIxMCIsIl9hdXRoX3VzZXJfYmFja2VuZCI6ImRqYW5nby5jb250cmliLmF1dGguYmFja2VuZHMuTW9kZWxCYWNrZW5kIiwiX2F1dGhfdXNlcl9oYXNoIjoiODRhOTNjNzIwMjY0ZDFiZTk5ODZhYTE4YTYwMzJjMjM5YjY3Nzg1ZSJ9", "expire_date": "2017-10-25T15:48:15.173Z"}}, {"model": "sessions.session", "pk": "agsefzu5jrsevqz593yobb1t4g0rzvy1", "fields": {"session_data": "NjY3MzE3NWRjZjlkNmZjYTAyYTg3ODdmZDZhOTM3N2VmNzRjY2Q3ZDp7Il9hdXRoX3VzZXJfaWQiOiI1IiwiX2F1dGhfdXNlcl9iYWNrZW5kIjoiZGphbmdvLmNvbnRyaWIuYXV0aC5iYWNrZW5kcy5Nb2RlbEJhY2tlbmQiLCJfYXV0aF91c2VyX2hhc2giOiJiODhjYzYzYzljNDlkMTBhMWMyNDhmNmZjM2JlMmQ5MzhlZDZmMjdkIn0=", "expire_date": "2017-10-07T16:58:12.862Z"}}, {"model": "sessions.session", "pk": "uzwo8vzg83r3lw9ufa70d1oq7qiohbmg", "fields": {"session_data": "ZjBiNGZjNzkxNGUwMGIzY2I2NTg4MjFhNjBmY2FiMmI5ZGI5NTMxODp7Il9hdXRoX3VzZXJfaWQiOiI5IiwiX2F1dGhfdXNlcl9iYWNrZW5kIjoiZGphbmdvLmNvbnRyaWIuYXV0aC5iYWNrZW5kcy5Nb2RlbEJhY2tlbmQiLCJfYXV0aF91c2VyX2hhc2giOiI5YjFiYTExMjU1Zjg0ZWY0MWU5MDA0MDMxN2I1MzU5MzI2MjNiY2M1In0=", "expire_date": "2017-10-24T07:16:13.551Z"}}, {"model": "patients.doctorservices", "pk": 5, "fields": {"service": "Allergist or Immunologist", "service_information": "conducts the diagnosis and treatment of allergic conditions"}}, {"model": "patients.doctorservices", "pk": 6, "fields": {"service": "Anesthesiologist", "service_information": "treats chronic pain syndromes; administers anesthesia and monitors the patient during surgery."}}, {"model": "patients.doctorservices", "pk": 7, "fields": {"service": "Cardiologist", "service_information": "treats heart disease"}}, {"model": "patients.doctorservices", "pk": 8, "fields": {"service": "Dermatologist", "service_information": "treats skin diseases, including some skin cancers"}}, {"model": "patients.doctorservices", "pk": 9, "fields": {"service": "Gastroenterologist", "service_information": "treats stomach disorders"}}, {"model": "patients.doctorservices", "pk": 10, "fields": {"service": "Hematologist/Oncologist", "service_information": "treats diseases of the blood and blood-forming tissues (oncology including cancer and other tumors)"}}, {"model": "patients.doctorservices", "pk": 11, "fields": {"service": "Internal Medicine Physician", "service_information": "treats diseases and disorders of internal structures of the body."}}, {"model": "patients.doctorservices", "pk": 12, "fields": {"service": "Nephrologist", "service_information": "treats kidney diseases."}}, {"model": "patients.doctorservices", "pk": 13, "fields": {"service": "Neurologist", "service_information": "treats diseases and disorders of the nervous system."}}, {"model": "patients.doctorservices", "pk": 14, "fields": {"service": "Neurosurgeon", "service_information": "conducts surgery of the nervous system."}}, {"model": "patients.doctorservices", "pk": 15, "fields": {"service": "Obstetrician", "service_information": "treats women during pregnancy and childbirth"}}, {"model": "patients.doctorservices", "pk": 16, "fields": {"service": "Gynecologist", "service_information": "treats diseases of the female reproductive system and genital tract."}}, {"model": "patients.doctorservices", "pk": 17, "fields": {"service": "Nurse-Midwifery", "service_information": "manages a women health care, especially during pregnancy, delivery, and the postpartum period."}}, {"model": "patients.doctorservices", "pk": 18, "fields": {"service": "Occupational Medicine Physician", "service_information": "diagnoses and treats work-related disease or injury."}}, {"model": "patients.doctorservices", "pk": 19, "fields": {"service": "Ophthalmologist", "service_information": "treats eye defects, injuries, and diseases."}}, {"model": "patients.doctorservices", "pk": 20, "fields": {"service": "Oral and Maxillofacial Surgeon", "service_information": "surgically treats diseases, injuries, and defects of the hard and soft tissues of the face, mouth, and jaws."}}, {"model": "patients.doctorservices", "pk": 21, "fields": {"service": "Orthopaedic Surgeon", "service_information": "preserves and restores the function of the musculoskeletal system."}}, {"model": "patients.doctorservices", "pk": 22, "fields": {"service": "Otolaryngologist (Head and Neck Surgeon)", "service_information": "treats diseases of the ear, nose, and throat,and some diseases of the head and neck, including facial plastic surgery."}}, {"model": "patients.doctorservices", "pk": 23, "fields": {"service": "Pathologist", "service_information": "diagnoses and treats the study of the changes in body tissues and organs which cause or are caused by disease"}}, {"model": "patients.doctorservices", "pk": 24, "fields": {"service": "Pediatrician", "service_information": "treats infants, toddlers, children and teenagers."}}, {"model": "patients.doctorservices", "pk": 25, "fields": {"service": "Plastic Surgeon", "service_information": " restores, reconstructs, corrects or improves in the shape and appearance of damaged body structures, especially the face."}}, {"model": "patients.doctorservices", "pk": 26, "fields": {"service": "Podiatrist", "service_information": "{Provides medical and surgical treatment of the foot."}}, {"model": "patients.doctorservices", "pk": 27, "fields": {"service": "Psychiatrist", "service_information": "treats patients with mental and emotional disorders."}}, {"model": "patients.doctorservices", "pk": 28, "fields": {"service": "Pulmonary Medicine Physician", "service_information": "diagnoses and treats lung disorders."}}, {"model": "patients.doctorservices", "pk": 29, "fields": {"service": "Radiation Onconlogist", "service_information": "diagnoses and treats disorders with the use of diagnostic imaging, including X-rays, sound waves, radioactive substances, and magnetic fields."}}, {"model": "patients.doctorservices", "pk": 30, "fields": {"service": "Diagnostic Radiologist", "service_information": "diagnoses and medically treats diseases and disorders of internal structures of the body."}}, {"model": "patients.doctorservices", "pk": 31, "fields": {"service": "Rheumatologist", "service_information": "treats rheumatic diseases, or conditions characterized by inflammation, soreness and stiffness of muscles, and pain in joints and associated structures"}}, {"model": "patients.doctorservices", "pk": 32, "fields": {"service": "Urologist", "service_information": "diagnoses and treats the male and female urinary tract and the male reproductive system"}}, {"model": "patients.doctorservices", "pk": 33, "fields": {"service": "Anonymous", "service_information": "Anonymous"}}, {"model": "patients.patientvisit", "pk": 14, "fields": {"date": "2017-10-03T11:38:58.247Z", "patient": 2, "diagnosis": "Cancer", "service_requested": 23, "user_id": "ahmed.yusuf", "service_type_requested": "Anonymous", "referral_reason": "No doctors"}}, {"model": "patients.patientvisit", "pk": 15, "fields": {"date": "2017-10-11T09:31:24.713Z", "patient": 2, "diagnosis": "Anonymous", "service_requested": 32, "user_id": "1", "service_type_requested": "Anonymous", "referral_reason": "Anonymous"}}, {"model": "patients.patientvisit", "pk": 16, "fields": {"date": "2017-10-11T10:22:02.235Z", "patient": 4, "diagnosis": "Anonymous", "service_requested": 29, "user_id": "ebrahim", "service_type_requested": "Anonymous", "referral_reason": "Anonymous"}}, {"model": "patients.patientvisit", "pk": 17, "fields": {"date": "2017-10-11T10:57:09.727Z", "patient": 4, "diagnosis": "Anonymous", "service_requested": 31, "user_id": "ebrahim", "service_type_requested": "Anonymous", "referral_reason": "Anonymous"}}, {"model": "auth.permission", "pk": 1, "fields": {"name": "Can add log entry", "content_type": 1, "codename": "add_logentry"}}, {"model": "auth.permission", "pk": 2, "fields": {"name": "Can change log entry", "content_type": 1, "codename": "change_logentry"}}, {"model": "auth.permission", "pk": 3, "fields": {"name": "Can delete log entry", "content_type": 1, "codename": "delete_logentry"}}, {"model": "auth.permission", "pk": 4, "fields": {"name": "Can add permission", "content_type": 2, "codename": "add_permission"}}, {"model": "auth.permission", "pk": 5, "fields": {"name": "Can change permission", "content_type": 2, "codename": "change_permission"}}, {"model": "auth.permission", "pk": 6, "fields": {"name": "Can delete permission", "content_type": 2, "codename": "delete_permission"}}, {"model": "auth.permission", "pk": 7, "fields": {"name": "Can add group", "content_type": 3, "codename": "add_group"}}, {"model": "auth.permission", "pk": 8, "fields": {"name": "Can change group", "content_type": 3, "codename": "change_group"}}, {"model": "auth.permission", "pk": 9, "fields": {"name": "Can delete group", "content_type": 3, "codename": "delete_group"}}, {"model": "auth.permission", "pk": 10, "fields": {"name": "Can add user", "content_type": 4, "codename": "add_user"}}, {"model": "auth.permission", "pk": 11, "fields": {"name": "Can change user", "content_type": 4, "codename": "change_user"}}, {"model": "auth.permission", "pk": 12, "fields": {"name": "Can delete user", "content_type": 4, "codename": "delete_user"}}, {"model": "auth.permission", "pk": 13, "fields": {"name": "Can add content type", "content_type": 5, "codename": "add_contenttype"}}, {"model": "auth.permission", "pk": 14, "fields": {"name": "Can change content type", "content_type": 5, "codename": "change_contenttype"}}, {"model": "auth.permission", "pk": 15, "fields": {"name": "Can delete content type", "content_type": 5, "codename": "delete_contenttype"}}, {"model": "auth.permission", "pk": 16, "fields": {"name": "Can add session", "content_type": 6, "codename": "add_session"}}, {"model": "auth.permission", "pk": 17, "fields": {"name": "Can change session", "content_type": 6, "codename": "change_session"}}, {"model": "auth.permission", "pk": 18, "fields": {"name": "Can delete session", "content_type": 6, "codename": "delete_session"}}, {"model": "auth.permission", "pk": 19, "fields": {"name": "Can add doctor_ referral", "content_type": 7, "codename": "add_doctor_referral"}}, {"model": "auth.permission", "pk": 20, "fields": {"name": "Can change doctor_ referral", "content_type": 7, "codename": "change_doctor_referral"}}, {"model": "auth.permission", "pk": 21, "fields": {"name": "Can delete doctor_ referral", "content_type": 7, "codename": "delete_doctor_referral"}}, {"model": "auth.permission", "pk": 22, "fields": {"name": "Can add patient", "content_type": 8, "codename": "add_patient"}}, {"model": "auth.permission", "pk": 23, "fields": {"name": "Can change patient", "content_type": 8, "codename": "change_patient"}}, {"model": "auth.permission", "pk": 24, "fields": {"name": "Can delete patient", "content_type": 8, "codename": "delete_patient"}}, {"model": "auth.permission", "pk": 25, "fields": {"name": "Can add patient visit", "content_type": 9, "codename": "add_patientvisit"}}, {"model": "auth.permission", "pk": 26, "fields": {"name": "Can change patient visit", "content_type": 9, "codename": "change_patientvisit"}}, {"model": "auth.permission", "pk": 27, "fields": {"name": "Can delete patient visit", "content_type": 9, "codename": "delete_patientvisit"}}, {"model": "auth.permission", "pk": 28, "fields": {"name": "Can add profile", "content_type": 10, "codename": "add_profile"}}, {"model": "auth.permission", "pk": 29, "fields": {"name": "Can change profile", "content_type": 10, "codename": "change_profile"}}, {"model": "auth.permission", "pk": 30, "fields": {"name": "Can delete profile", "content_type": 10, "codename": "delete_profile"}}, {"model": "auth.permission", "pk": 31, "fields": {"name": "Can add doctor services", "content_type": 11, "codename": "add_doctorservices"}}, {"model": "auth.permission", "pk": 32, "fields": {"name": "Can change doctor services", "content_type": 11, "codename": "change_doctorservices"}}, {"model": "auth.permission", "pk": 33, "fields": {"name": "Can delete doctor services", "content_type": 11, "codename": "delete_doctorservices"}}, {"model": "auth.permission", "pk": 34, "fields": {"name": "Can add doctor profile", "content_type": 12, "codename": "add_doctorprofile"}}, {"model": "auth.permission", "pk": 35, "fields": {"name": "Can change doctor profile", "content_type": 12, "codename": "change_doctorprofile"}}, {"model": "auth.permission", "pk": 36, "fields": {"name": "Can delete doctor profile", "content_type": 12, "codename": "delete_doctorprofile"}}, {"model": "auth.permission", "pk": 37, "fields": {"name": "Can add clinic_ referral date", "content_type": 13, "codename": "add_clinic_referraldate"}}, {"model": "auth.permission", "pk": 38, "fields": {"name": "Can change clinic_ referral date", "content_type": 13, "codename": "change_clinic_referraldate"}}, {"model": "auth.permission", "pk": 39, "fields": {"name": "Can delete clinic_ referral date", "content_type": 13, "codename": "delete_clinic_referraldate"}}, {"model": "auth.permission", "pk": 40, "fields": {"name": "Can add clinic_ date", "content_type": 14, "codename": "add_clinic_date"}}, {"model": "auth.permission", "pk": 41, "fields": {"name": "Can change clinic_ date", "content_type": 14, "codename": "change_clinic_date"}}, {"model": "auth.permission", "pk": 42, "fields": {"name": "Can delete clinic_ date", "content_type": 14, "codename": "delete_clinic_date"}}, {"model": "auth.permission", "pk": 43, "fields": {"name": "Can add clinic_ date_ patients", "content_type": 15, "codename": "add_clinic_date_patients"}}, {"model": "auth.permission", "pk": 44, "fields": {"name": "Can change clinic_ date_ patients", "content_type": 15, "codename": "change_clinic_date_patients"}}, {"model": "auth.permission", "pk": 45, "fields": {"name": "Can delete clinic_ date_ patients", "content_type": 15, "codename": "delete_clinic_date_patients"}}, {"model": "auth.group", "pk": 4, "fields": {"name": "doctors", "permissions": []}}, {"model": "auth.group", "pk": 5, "fields": {"name": "clinics", "permissions": []}}, {"model": "auth.group", "pk": 6, "fields": {"name": "main_clinic", "permissions": []}}, {"model": "auth.user", "pk": 1, "fields": {"password": "pbkdf2_sha256$36000$jBLk3m2wu8DU$1bOImRxwqJo/ByIZuxLRHco0Gtp6D3H/0w06dqe7x4U=", "last_login": "2017-10-24T16:18:10.576Z", "is_superuser": true, "username": "ahmedyusuf", "first_name": "", "last_name": "", "email": "ahmedamed@gmail.com", "is_staff": true, "is_active": true, "date_joined": "2017-09-03T11:03:46.675Z", "groups": [], "user_permissions": []}}, {"model": "auth.user", "pk": 2, "fields": {"password": "pbkdf2_sha256$36000$SvR31BHJq3VQ$d8teswAWPxMyU+wLRl4eG9eF/eRY1th3xmoR5R8IqrA=", "last_login": "2017-09-14T20:25:06.085Z", "is_superuser": false, "username": "ahmedamedy", "first_name": "", "last_name": "", "email": "Ahmed.yusuf@andela.com", "is_staff": false, "is_active": true, "date_joined": "2017-09-14T11:52:44.223Z", "groups": [], "user_permissions": []}}, {"model": "auth.user", "pk": 4, "fields": {"password": "pbkdf2_sha256$36000$yVgPTMBjJc7m$ccp7LOwxMueaSBOWs4lMZdfikPFZGK4WagiaCpoTocU=", "last_login": "2017-10-11T13:17:55.071Z", "is_superuser": true, "username": "ahmed.yusuf", "first_name": "", "last_name": "", "email": "ahmedamedy@hotmail.com", "is_staff": true, "is_active": true, "date_joined": "2017-09-23T16:56:42.065Z", "groups": [], "user_permissions": []}}, {"model": "auth.user", "pk": 9, "fields": {"password": "pbkdf2_sha256$36000$rfJs9yPBMjCQ$IX6HlR5YLjnmrfVdnv6c8Mot72bXqgFMneMPYYk39Mg=", "last_login": "2017-10-11T14:20:26.449Z", "is_superuser": false, "username": "munyi", "first_name": "", "last_name": "", "email": "munyi@email.com", "is_staff": false, "is_active": true, "date_joined": "2017-10-03T11:55:54Z", "groups": [4], "user_permissions": []}}, {"model": "auth.user", "pk": 10, "fields": {"password": "pbkdf2_sha256$36000$jU9Az0RTCcrP$XoOZVaLErUPnOs+nXIK8tdkwyvo1DXTd9UNPZwo6W00=", "last_login": "2017-10-24T16:18:35.326Z", "is_superuser": false, "username": "ebrahim", "first_name": "", "last_name": "", "email": "ebrahim@gmail.com", "is_staff": false, "is_active": true, "date_joined": "2017-10-03T12:19:34Z", "groups": [5], "user_permissions": []}}, {"model": "auth.user", "pk": 11, "fields": {"password": "pbkdf2_sha256$36000$2rVjNtfH4Phb$y0rTV4/+ng/ki0C+X2NOJUqQzGPPTcukSpchdzFHrw0=", "last_login": "2017-10-11T14:19:52.145Z", "is_superuser": false, "username": "shofco", "first_name": "", "last_name": "", "email": "shofco@gmail.com", "is_staff": false, "is_active": true, "date_joined": "2017-10-10T08:23:20Z", "groups": [6], "user_permissions": []}}, {"model": "accounts.profile", "pk": 2, "fields": {"user": 2, "phonenumber": "0722749459", "location": "nairobi", "name": "Ahmedamedy AGency"}}, {"model": "accounts.doctorprofile", "pk": 1, "fields": {"user": 9, "phonenumber": "0700998807", "location": "Nairobi", "full_name": "Dr. Munyi", "doctor_type": 29}}, {"model": "accounts.doctorprofile", "pk": 2, "fields": {"user": 4, "phonenumber": "070099889", "location": "Kibra", "full_name": "Ahmed Yusuf", "doctor_type": 32}}, {"model": "patients.patient", "pk": 1, "fields": {"user": 1, "firstname": "Ahmed", "lastname": "Yusuf", "dob": "10/03/1988", "gender": "Male", "phonenumber": "0701874389", "address": "Olympic", "email": "Ahmed.yusuf@andela.com"}}, {"model": "patients.patient", "pk": 2, "fields": {"user": 1, "firstname": "Yusuf", "lastname": "Ahmed", "dob": "08/09/2017", "gender": "Male", "phonenumber": "0701874389", "address": "Ayani", "email": "Ahmedamedy@gmail.com"}}, {"model": "patients.patient", "pk": 4, "fields": {"user": 1, "firstname": "Someone", "lastname": "Ahmed", "dob": "08/09/2017", "gender": "Male", "phonenumber": "0701874389", "address": "Ayani", "email": "Ahmedamedy@gmail.com"}}, {"model": "patients.patient", "pk": 5, "fields": {"user": 4, "firstname": "Ghulam", "lastname": "Yusuf", "dob": "10/03/1988", "gender": "Male", "phonenumber": "0701874389", "address": "Ayani", "email": "Ahmed.yusuf@andela.com"}}, {"model": "doctor_referral.doctor_referral", "pk": 2, "fields": {"patient_id": "Patient 2", "doctor_id": "Doctor 2", "user_id": 1, "booking_date": null, "booked_date": "2017-09-04T11:58:16.643Z", "group": "None", "comments": "None"}}, {"model": "doctor_referral.doctor_referral", "pk": 3, "fields": {"patient_id": "Patient 4", "doctor_id": "Doctor 4", "user_id": 1, "booking_date": "2017-09-05T09:29:45.503Z", "booked_date": "2017-11-11T00:00:00Z", "group": "NEW", "comments": "NEW"}}, {"model": "doctor_referral.doctor_referral", "pk": 4, "fields": {"patient_id": "Patient 4", "doctor_id": "Doctor 3", "user_id": 1, "booking_date": "2017-09-05T09:30:59.044Z", "booked_date": "2017-11-11T00:00:00Z", "group": "New", "comments": "New"}}, {"model": "doctor_referral.doctor_referral", "pk": 5, "fields": {"patient_id": "Patient 6", "doctor_id": "Doctor 2", "user_id": 1, "booking_date": "2017-09-05T09:31:41.423Z", "booked_date": "2017-11-11T00:00:00Z", "group": "New", "comments": "New"}}, {"model": "doctor_referral.doctor_referral", "pk": 6, "fields": {"patient_id": "Patient 5", "doctor_id": "Doctor 3", "user_id": 1, "booking_date": "2017-09-05T11:25:36.015Z", "booked_date": "2017-11-11T00:00:00Z", "group": "New", "comments": "New"}}, {"model": "doctor_referral.doctor_referral", "pk": 7, "fields": {"patient_id": "Patient 7", "doctor_id": "Doctor 3", "user_id": 1, "booking_date": "2017-09-05T11:28:49.916Z", "booked_date": "2017-11-11T00:00:00Z", "group": "New", "comments": "New"}}, {"model": "doctor_referral.doctor_referral", "pk": 8, "fields": {"patient_id": "Patient 8", "doctor_id": "Doctor 9", "user_id": 1, "booking_date": "2017-09-05T14:16:59.000Z", "booked_date": "2017-11-11T00:00:00Z", "group": "B", "comments": "B"}}, {"model": "doctor_referral.doctor_referral", "pk": 9, "fields": {"patient_id": "Patient 10", "doctor_id": "Doctor 3", "user_id": 1, "booking_date": "2017-09-11T12:50:16.208Z", "booked_date": "2017-11-11T00:00:00Z", "group": "B", "comments": "B"}}, {"model": "doctor_referral.doctor_referral", "pk": 10, "fields": {"patient_id": "12", "doctor_id": "10", "user_id": 1, "booking_date": "2017-09-12T10:54:12.306Z", "booked_date": "2017-11-11T12:00:00Z", "group": "New", "comments": "New"}}, {"model": "doctor_referral.doctor_referral", "pk": 11, "fields": {"patient_id": "Patient 11", "doctor_id": "Doctor 2", "user_id": 1, "booking_date": "2017-09-13T09:32:31.996Z", "booked_date": "2017-11-11T00:00:00Z", "group": "New", "comments": "New"}}, {"model": "doctor_referral.doctor_referral", "pk": 12, "fields": {"patient_id": "Patient 12", "doctor_id": "Doctor 3", "user_id": 1, "booking_date": "2017-09-13T09:32:56.202Z", "booked_date": "2017-11-11T00:00:00Z", "group": "NEW", "comments": "NEW"}}, {"model": "clinic.clinic_date", "pk": 3, "fields": {"clinic_name": "Test", "clinic_details": "Testing", "user_id": 4, "booking_date": "2017-10-08T15:21:46.201Z", "clinic_date": "2017-11-11T00:00:00Z", "doctor_accept": "True", "clinic_accept": "Accepted", "clinic_type": "general"}}, {"model": "clinic.clinic_date", "pk": 5, "fields": {"clinic_name": "Test 2", "clinic_details": "Testing", "user_id": 4, "booking_date": "2017-10-10T07:19:57.781Z", "clinic_date": "2017-11-11T00:00:00Z", "doctor_accept": "True", "clinic_accept": "Accepted", "clinic_type": "general"}}, {"model": "clinic.clinic_date", "pk": 6, "fields": {"clinic_name": "Test 3", "clinic_details": "Testing", "user_id": 9, "booking_date": "2017-10-10T07:28:55.708Z", "clinic_date": "2017-11-11T00:00:00Z", "doctor_accept": "True", "clinic_accept": "Accepted", "clinic_type": "Urologist"}}, {"model": "clinic.clinic_date", "pk": 8, "fields": {"clinic_name": "Test 4", "clinic_details": "New", "user_id": 9, "booking_date": "2017-10-11T14:23:55.357Z", "clinic_date": "2017-11-11T00:00:00Z", "doctor_accept": "True", "clinic_accept": "", "clinic_type": "Radiation Onconlogist"}}, {"model": "clinic.clinic_date_patients", "pk": 7, "fields": {"clinic": 3, "user": 10, "patient": 4, "date": "2017-10-11T13:17:19.518Z"}}, {"model": "clinic.clinic_date_patients", "pk": 8, "fields": {"clinic": 3, "user": 10, "patient": 4, "date": "2017-10-11T13:17:29.797Z"}}, {"model": "clinic.clinic_date_patients", "pk": 9, "fields": {"clinic": 3, "user": 4, "patient": 4, "date": "2017-10-11T13:44:48.214Z"}}, {"model": "clinic.clinic_date_patients", "pk": 10, "fields": {"clinic": 3, "user": 10, "patient": 1, "date": "2017-10-11T13:45:27.276Z"}}, {"model": "clinic.clinic_date_patients", "pk": 11, "fields": {"clinic": 5, "user": 10, "patient": 4, "date": "2017-10-11T13:55:44.989Z"}}, {"model": "admin.logentry", "pk": 1, "fields": {"action_time": "2017-09-03T15:52:35.439Z", "user": 1, "content_type": 7, "object_id": "1", "object_repr": "Doctor_Referral object", "action_flag": 1, "change_message": "[{\"added\": {}}]"}}, {"model": "admin.logentry", "pk": 2, "fields": {"action_time": "2017-09-03T15:53:04.543Z", "user": 1, "content_type": 7, "object_id": "2", "object_repr": "Doctor_Referral object", "action_flag": 1, "change_message": "[{\"added\": {}}]"}}, {"model": "admin.logentry", "pk": 3, "fields": {"action_time": "2017-09-13T17:38:14.106Z", "user": 1, "content_type": 3, "object_id": "1", "object_repr": "clinics", "action_flag": 1, "change_message": "[{\"added\": {}}]"}}, {"model": "admin.logentry", "pk": 4, "fields": {"action_time": "2017-09-13T17:39:19.364Z", "user": 1, "content_type": 3, "object_id": "2", "object_repr": "doctors", "action_flag": 1, "change_message": "[{\"added\": {}}]"}}, {"model": "admin.logentry", "pk": 5, "fields": {"action_time": "2017-09-13T17:39:28.165Z", "user": 1, "content_type": 3, "object_id": "3", "object_repr": "patients", "action_flag": 1, "change_message": "[{\"added\": {}}]"}}, {"model": "admin.logentry", "pk": 6, "fields": {"action_time": "2017-09-14T09:41:20.036Z", "user": 1, "content_type": 3, "object_id": "1", "object_repr": "clinics", "action_flag": 3, "change_message": ""}}, {"model": "admin.logentry", "pk": 7, "fields": {"action_time": "2017-09-14T09:41:20.039Z", "user": 1, "content_type": 3, "object_id": "2", "object_repr": "doctors", "action_flag": 3, "change_message": ""}}, {"model": "admin.logentry", "pk": 8, "fields": {"action_time": "2017-09-14T09:41:20.041Z", "user": 1, "content_type": 3, "object_id": "3", "object_repr": "patients", "action_flag": 3, "change_message": ""}}, {"model": "admin.logentry", "pk": 17, "fields": {"action_time": "2017-09-30T08:27:34.333Z", "user": 4, "content_type": 11, "object_id": "1", "object_repr": "Allergist or Immunologist", "action_flag": 1, "change_message": "[{\"added\": {}}]"}}, {"model": "admin.logentry", "pk": 18, "fields": {"action_time": "2017-09-30T08:27:56.977Z", "user": 4, "content_type": 11, "object_id": "2", "object_repr": "Anesthesiologist", "action_flag": 1, "change_message": "[{\"added\": {}}]"}}, {"model": "admin.logentry", "pk": 19, "fields": {"action_time": "2017-09-30T08:28:24.400Z", "user": 4, "content_type": 11, "object_id": "3", "object_repr": "Cardiologist", "action_flag": 1, "change_message": "[{\"added\": {}}]"}}, {"model": "admin.logentry", "pk": 20, "fields": {"action_time": "2017-09-30T09:34:37.561Z", "user": 4, "content_type": 11, "object_id": "3", "object_repr": "Cardiologist", "action_flag": 3, "change_message": ""}}, {"model": "admin.logentry", "pk": 21, "fields": {"action_time": "2017-09-30T09:34:37.564Z", "user": 4, "content_type": 11, "object_id": "2", "object_repr": "Anesthesiologist", "action_flag": 3, "change_message": ""}}, {"model": "admin.logentry", "pk": 22, "fields": {"action_time": "2017-09-30T09:34:37.565Z", "user": 4, "content_type": 11, "object_id": "4", "object_repr": "Allergist or Immunologist", "action_flag": 3, "change_message": ""}}, {"model": "admin.logentry", "pk": 23, "fields": {"action_time": "2017-09-30T09:34:37.567Z", "user": 4, "content_type": 11, "object_id": "1", "object_repr": "Allergist or Immunologist", "action_flag": 3, "change_message": ""}}, {"model": "admin.logentry", "pk": 24, "fields": {"action_time": "2017-09-30T11:21:10.606Z", "user": 4, "content_type": 11, "object_id": "33", "object_repr": "Anonymous", "action_flag": 1, "change_message": "[{\"added\": {}}]"}}, {"model": "admin.logentry", "pk": 25, "fields": {"action_time": "2017-09-30T11:25:17.429Z", "user": 4, "content_type": 9, "object_id": "13", "object_repr": "Anonymous", "action_flag": 2, "change_message": "[{\"changed\": {\"fields\": [\"service_requested\"]}}]"}}, {"model": "admin.logentry", "pk": 26, "fields": {"action_time": "2017-09-30T11:25:38.523Z", "user": 4, "content_type": 9, "object_id": "13", "object_repr": "Anonymous", "action_flag": 3, "change_message": ""}}, {"model": "admin.logentry", "pk": 27, "fields": {"action_time": "2017-09-30T11:25:38.526Z", "user": 4, "content_type": 9, "object_id": "12", "object_repr": "Diagnosis", "action_flag": 3, "change_message": ""}}, {"model": "admin.logentry", "pk": 28, "fields": {"action_time": "2017-09-30T11:25:38.527Z", "user": 4, "content_type": 9, "object_id": "11", "object_repr": "Anonymous", "action_flag": 3, "change_message": ""}}, {"model": "admin.logentry", "pk": 29, "fields": {"action_time": "2017-09-30T11:25:38.528Z", "user": 4, "content_type": 9, "object_id": "10", "object_repr": "Anonymous", "action_flag": 3, "change_message": ""}}, {"model": "admin.logentry", "pk": 30, "fields": {"action_time": "2017-09-30T11:25:38.529Z", "user": 4, "content_type": 9, "object_id": "9", "object_repr": "Anonymous", "action_flag": 3, "change_message": ""}}, {"model": "admin.logentry", "pk": 31, "fields": {"action_time": "2017-09-30T11:25:38.531Z", "user": 4, "content_type": 9, "object_id": "8", "object_repr": "Anonymous", "action_flag": 3, "change_message": ""}}, {"model": "admin.logentry", "pk": 32, "fields": {"action_time": "2017-09-30T11:25:38.532Z", "user": 4, "content_type": 9, "object_id": "7", "object_repr": "Anonymous", "action_flag": 3, "change_message": ""}}, {"model": "admin.logentry", "pk": 33, "fields": {"action_time": "2017-09-30T11:25:38.535Z", "user": 4, "content_type": 9, "object_id": "6", "object_repr": "Anonymous", "action_flag": 3, "change_message": ""}}, {"model": "admin.logentry", "pk": 34, "fields": {"action_time": "2017-09-30T11:25:38.536Z", "user": 4, "content_type": 9, "object_id": "5", "object_repr": "Anonymous", "action_flag": 3, "change_message": ""}}, {"model": "admin.logentry", "pk": 35, "fields": {"action_time": "2017-09-30T11:25:38.538Z", "user": 4, "content_type": 9, "object_id": "4", "object_repr": "Anonymous", "action_flag": 3, "change_message": ""}}, {"model": "admin.logentry", "pk": 36, "fields": {"action_time": "2017-09-30T11:25:38.539Z", "user": 4, "content_type": 9, "object_id": "3", "object_repr": "Anonymous", "action_flag": 3, "change_message": ""}}, {"model": "admin.logentry", "pk": 37, "fields": {"action_time": "2017-09-30T11:25:38.540Z", "user": 4, "content_type": 9, "object_id": "2", "object_repr": "Anonymous", "action_flag": 3, "change_message": ""}}, {"model": "admin.logentry", "pk": 38, "fields": {"action_time": "2017-09-30T11:25:38.542Z", "user": 4, "content_type": 9, "object_id": "1", "object_repr": "New", "action_flag": 3, "change_message": ""}}, {"model": "admin.logentry", "pk": 39, "fields": {"action_time": "2017-10-02T07:40:34.636Z", "user": 4, "content_type": 3, "object_id": "4", "object_repr": "doctors", "action_flag": 1, "change_message": "[{\"added\": {}}]"}}, {"model": "admin.logentry", "pk": 40, "fields": {"action_time": "2017-10-02T07:40:41.538Z", "user": 4, "content_type": 3, "object_id": "5", "object_repr": "clinics", "action_flag": 1, "change_message": "[{\"added\": {}}]"}}, {"model": "admin.logentry", "pk": 41, "fields": {"action_time": "2017-10-02T07:41:03.386Z", "user": 4, "content_type": 3, "object_id": "6", "object_repr": "main_clinic", "action_flag": 1, "change_message": "[{\"added\": {}}]"}}, {"model": "admin.logentry", "pk": 42, "fields": {"action_time": "2017-10-03T11:55:17.106Z", "user": 4, "content_type": 4, "object_id": "8", "object_repr": "ebrahim", "action_flag": 3, "change_message": ""}}, {"model": "admin.logentry", "pk": 43, "fields": {"action_time": "2017-10-03T11:55:17.109Z", "user": 4, "content_type": 4, "object_id": "5", "object_repr": "huduma", "action_flag": 3, "change_message": ""}}, {"model": "admin.logentry", "pk": 44, "fields": {"action_time": "2017-10-03T11:55:17.110Z", "user": 4, "content_type": 4, "object_id": "7", "object_repr": "mugiwara", "action_flag": 3, "change_message": ""}}, {"model": "admin.logentry", "pk": 45, "fields": {"action_time": "2017-10-03T11:55:17.112Z", "user": 4, "content_type": 4, "object_id": "6", "object_repr": "vipawa", "action_flag": 3, "change_message": ""}}, {"model": "admin.logentry", "pk": 46, "fields": {"action_time": "2017-10-03T12:34:46.965Z", "user": 4, "content_type": 4, "object_id": "9", "object_repr": "munyi", "action_flag": 2, "change_message": "[]"}}, {"model": "admin.logentry", "pk": 47, "fields": {"action_time": "2017-10-03T13:24:03.669Z", "user": 4, "content_type": 4, "object_id": "10", "object_repr": "ebrahim", "action_flag": 2, "change_message": "[]"}}, {"model": "admin.logentry", "pk": 48, "fields": {"action_time": "2017-10-07T10:09:07.136Z", "user": 4, "content_type": 14, "object_id": "1", "object_repr": "Test", "action_flag": 3, "change_message": ""}}, {"model": "admin.logentry", "pk": 49, "fields": {"action_time": "2017-10-08T15:21:06.987Z", "user": 4, "content_type": 14, "object_id": "2", "object_repr": "Test", "action_flag": 3, "change_message": ""}}, {"model": "admin.logentry", "pk": 50, "fields": {"action_time": "2017-10-10T07:06:18.928Z", "user": 4, "content_type": 14, "object_id": "4", "object_repr": "Test 2", "action_flag": 3, "change_message": ""}}, {"model": "admin.logentry", "pk": 51, "fields": {"action_time": "2017-10-10T07:18:58.507Z", "user": 4, "content_type": 14, "object_id": "4", "object_repr": "Test 2", "action_flag": 3, "change_message": ""}}, {"model": "admin.logentry", "pk": 52, "fields": {"action_time": "2017-10-10T07:31:48.771Z", "user": 4, "content_type": 12, "object_id": "1", "object_repr": "DoctorProfile object", "action_flag": 2, "change_message": "[]"}}, {"model": "admin.logentry", "pk": 53, "fields": {"action_time": "2017-10-10T07:31:58.249Z", "user": 4, "content_type": 12, "object_id": "1", "object_repr": "DoctorProfile object", "action_flag": 2, "change_message": "[{\"changed\": {\"fields\": [\"doctor_type\"]}}]"}}, {"model": "admin.logentry", "pk": 54, "fields": {"action_time": "2017-10-10T07:37:01.594Z", "user": 4, "content_type": 14, "object_id": "7", "object_repr": "Test 4", "action_flag": 3, "change_message": ""}}, {"model": "admin.logentry", "pk": 55, "fields": {"action_time": "2017-10-10T08:23:20.570Z", "user": 4, "content_type": 4, "object_id": "11", "object_repr": "shofco", "action_flag": 1, "change_message": "[{\"added\": {}}]"}}, {"model": "admin.logentry", "pk": 56, "fields": {"action_time": "2017-10-10T08:24:11.973Z", "user": 4, "content_type": 4, "object_id": "11", "object_repr": "shofco", "action_flag": 2, "change_message": "[{\"changed\": {\"fields\": [\"email\"]}}]"}}, {"model": "admin.logentry", "pk": 57, "fields": {"action_time": "2017-10-10T11:09:41.452Z", "user": 4, "content_type": 15, "object_id": "1", "object_repr": "Test", "action_flag": 1, "change_message": "[{\"added\": {}}]"}}, {"model": "admin.logentry", "pk": 58, "fields": {"action_time": "2017-10-10T16:59:29.204Z", "user": 4, "content_type": 15, "object_id": "1", "object_repr": "Test", "action_flag": 3, "change_message": ""}}, {"model": "admin.logentry", "pk": 59, "fields": {"action_time": "2017-10-11T07:34:57.776Z", "user": 4, "content_type": 15, "object_id": "2", "object_repr": "Test", "action_flag": 3, "change_message": ""}}, {"model": "admin.logentry", "pk": 60, "fields": {"action_time": "2017-10-11T09:31:24.715Z", "user": 4, "content_type": 9, "object_id": "15", "object_repr": "Anonymous", "action_flag": 1, "change_message": "[{\"added\": {}}]"}}, {"model": "admin.logentry", "pk": 61, "fields": {"action_time": "2017-10-11T13:07:58.284Z", "user": 4, "content_type": 15, "object_id": "5", "object_repr": "2017-10-11 13:07:58.275204+00:00", "action_flag": 1, "change_message": "[{\"added\": {}}]"}}, {"model": "admin.logentry", "pk": 62, "fields": {"action_time": "2017-10-11T13:13:24.677Z", "user": 4, "content_type": 15, "object_id": "5", "object_repr": "ebrahim", "action_flag": 2, "change_message": "[{\"changed\": {\"fields\": [\"patient\"]}}]"}}, {"model": "admin.logentry", "pk": 63, "fields": {"action_time": "2017-10-11T13:13:32.531Z", "user": 4, "content_type": 15, "object_id": "4", "object_repr": "ebrahim", "action_flag": 2, "change_message": "[{\"changed\": {\"fields\": [\"patient\"]}}]"}}, {"model": "admin.logentry", "pk": 64, "fields": {"action_time": "2017-10-11T13:18:41.747Z", "user": 4, "content_type": 15, "object_id": "5", "object_repr": "ebrahim", "action_flag": 3, "change_message": ""}}, {"model": "admin.logentry", "pk": 65, "fields": {"action_time": "2017-10-11T13:18:41.750Z", "user": 4, "content_type": 15, "object_id": "4", "object_repr": "ebrahim", "action_flag": 3, "change_message": ""}}, {"model": "admin.logentry", "pk": 66, "fields": {"action_time": "2017-10-11T13:18:41.751Z", "user": 4, "content_type": 15, "object_id": "3", "object_repr": "ebrahim", "action_flag": 3, "change_message": ""}}, {"model": "admin.logentry", "pk": 67, "fields": {"action_time": "2017-10-11T13:18:41.752Z", "user": 4, "content_type": 15, "object_id": "6", "object_repr": "Test", "action_flag": 3, "change_message": ""}}, {"model": "admin.logentry", "pk": 68, "fields": {"action_time": "2017-10-11T13:44:48.215Z", "user": 4, "content_type": 15, "object_id": "9", "object_repr": "Test", "action_flag": 1, "change_message": "[{\"added\": {}}]"}}, {"model": "admin.logentry", "pk": 69, "fields": {"action_time": "2017-10-11T13:45:08.217Z", "user": 4, "content_type": 15, "object_id": "9", "object_repr": "Test", "action_flag": 2, "change_message": "[]"}}, {"model": "admin.logentry", "pk": 70, "fields": {"action_time": "2017-10-11T13:45:27.277Z", "user": 4, "content_type": 15, "object_id": "10", "object_repr": "Test", "action_flag": 1, "change_message": "[{\"added\": {}}]"}}]